name,value
Curso de Adaptacion al Grado en Ingenieria de Sistemas Audiovisuales,82;T
Curso de Adaptacion al Grado en Ingenieria de Sistemas de Comunicaciones,86;T
Curso de Adaptacion al Grado en Ingenieria Electrica,92;T
Curso de Adaptacion al Grado en Ingenieria Informatica,87;T
Curso de adaptacion al Grado en Ingenieria Mecanica,83;T
Curso de Adaptacion al Grado en Ingenieria Telematica,89;T
Doctorado en Ciencia e Ingenieria de Materiales,38;P
"Doctorado en Ingenieria Electrica, Electronica y Automatica",23;P
Doctorado en Ingenieria Informatica,39;P
Doctorado en Ingenieria Matematica,10;P
Doctorado en Ingenieria Mecanica y de Organizacion Industrial,40;P
Doctorado en Ingenieria Mecatronica,122;P
Doctorado en Ingenieria Telematica,68;P
Grado en Ingenieria Aeroespacial,116;T
Grado en Ingenieria Biomedica,119;T
Grado en Ingenieria de la Energia,125;T
Grado en Ingenieria de la Seguridad,123;T
Grado en Ingenieria de Sistemas Audiovisuales,96;T
Grado en Ingenieria de Sistemas de Comunicaciones,98;T
Grado en Ingenieria Electrica,100;T
Grado en Ingenieria Electronica Industrial y Automatica,101;T
Grado en Ingenieria en Tecnologias de Telecomunicacion,117;T
Grado en Ingenieria en Tecnologias Industriales,118;T
Grado en Ingenieria Informatica,95;T
Grado en Ingenieria Mecanica,99;T
Grado en Ingenieria Telematica,97;T
Ingenieria en Telecomunicacion,19;T
Ingenieria Industrial,9;T
Ingenieria Informatica,28;T
Ingenieria Informatica (2o ciclo),15;T
Ingenieria Informatica y Documentacion,50;T
Ingenieria Tecnica en Informatica de Gestion,6;T
Ingenieria Tecnica en Telecomunicacion (Sistemas de Telecomunicacion),30;T
Ingenieria Tecnica en Telecomunicacion (Sonido e Imagen),43;T
Ingenieria Tecnica en Telecomunicacion (Telematica),29;T
Ingenieria Tecnica Industrial (Electricidad),22;T
Ingenieria Tecnica Industrial (Electronica Industrial),18;T
Ingenieria Tecnica Industrial (Mecanica),16;T
Master en Ciencia e Ingenieria de Materiales,71;P
Master en Ingenieria de la Web,65;P
Master en Ingenieria de la Web a Distancia,146;P
Master en Ingenieria de Maquinas y Transportes,104;P
Master en Ingenieria de Organizacion y Logistica,81;P
Master en Ingenieria de Seguridad contra el Fuego,94;P
Master en Ingenieria de Telecomunicacion,144;P
"Master en Ingenieria Electrica, Electronica y Automatica",80;P
Master en Ingenieria Industrial,149;P
Master en Ingenieria Informatica,145;P
Master en Ingenieria Matematica,103;P
Master en Ingenieria Termica y de Fluidos,82;P
Master UC3M-BOMBARDIER en Ingenieria Ferroviaria,190;P
Master Universitario en Ingenieria Aeronautica,186;P
Master Universitario en Ingenieria de Sistemas Electronicos y Aplicaciones,191;P
Master Universitario en Ingenieria Telematica,87;P
